Phenotype,t_stat,p_value
Phenotype_A,-25.016807266904305,4.888030069940235e-138
Phenotype_B,271.4628466309579,0.0
Phenotype_C,211.79463908030792,0.0
Phenotype_D,-183.97340309436373,0.0
Phenotype_E,-42.88401905151313,0.0
